{
  "mean": 0.5071524977684021,
  "std": 0.2549898624420166
}